timestamp,T_out_C,Q_solar_W,Q_internal_W
2024-01-05 20:10:00,-18.166666666666668,0.0,43619.9841071237
2024-01-05 20:20:00,-18.333333333333336,0.0,49776.59826946769
2024-01-05 20:30:00,-18.5,0.0,49803.40682519442
2024-01-05 20:40:00,-18.666666666666668,0.0,52897.665942137115
2024-01-05 20:50:00,-18.83333333333333,0.0,51171.18923010133
2024-01-05 21:00:00,-19.0,0.0,49954.88111291378
2024-01-05 21:10:00,-19.333333333333336,0.0,51339.9593956648
2024-01-05 21:20:00,-19.666666666666668,0.0,52724.083856601224
2024-01-05 21:30:00,-20.0,0.0,51145.59540425144
2024-01-05 21:40:00,-20.333333333333336,0.0,10213.905326936874
2024-01-05 21:50:00,-20.666666666666664,0.0,9907.635825626912
2024-01-05 22:00:00,-21.0,0.0,12149.11564111345
2024-01-05 22:10:00,-21.33333333333333,0.0,12111.799726863843
2024-01-05 22:20:00,-21.666666666666668,0.0,13349.996078813492
2024-01-05 22:30:00,-22.0,0.0,13857.435601457151
2024-01-05 22:40:00,-22.33333333333333,0.0,2722.577003613998
2024-01-05 22:50:00,-22.666666666666668,0.0,5637.094334024972
2024-01-05 23:00:00,-23.0,0.0,3821.0392464141405
2024-01-05 23:10:00,-22.833333333333336,0.0,2507.8264962740086
2024-01-05 23:20:00,-22.666666666666668,0.0,4597.978531487776
2024-01-05 23:30:00,-22.5,0.0,2493.058886083295
2024-01-05 23:40:00,-22.333333333333336,0.0,3619.278396946591
2024-01-05 23:50:00,-22.166666666666668,0.0,1296.7155391305987
2024-01-06 00:00:00,-22.0,0.0,1283.811194387447
2024-01-06 00:10:00,-22.333333333333336,0.0,727.0758946083406
2024-01-06 00:20:00,-22.666666666666668,0.0,0.0
2024-01-06 00:30:00,-23.0,0.0,0.0
2024-01-06 00:40:00,-23.333333333333336,0.0,0.0
2024-01-06 00:50:00,-23.666666666666664,0.0,0.0
2024-01-06 01:00:00,-24.0,0.0,3109.1905010750284
2024-01-06 01:10:00,-24.33333333333333,0.0,1589.7177172939287
2024-01-06 01:20:00,-24.666666666666664,0.0,2136.9189840440717
2024-01-06 01:30:00,-25.0,0.0,8925.499012955474
2024-01-06 01:40:00,-25.33333333333333,0.0,9367.597224266174
2024-01-06 01:50:00,-25.666666666666668,0.0,10010.134181658552
2024-01-06 02:00:00,-26.0,0.0,10411.36923310999
2024-01-06 02:10:00,-25.833333333333336,0.0,4478.799070039693
2024-01-06 02:20:00,-25.666666666666668,0.0,3722.12755651087
2024-01-06 02:30:00,-25.5,0.0,0.0
2024-01-06 02:40:00,-25.33333333333333,0.0,1046.6511463657912
2024-01-06 02:50:00,-25.166666666666668,0.0,6510.723374674452
2024-01-06 03:00:00,-25.0,0.0,4613.19150837268
2024-01-06 03:10:00,-24.833333333333336,0.0,9727.746453790158
2024-01-06 03:20:00,-24.666666666666668,0.0,5607.811941499147
2024-01-06 03:30:00,-24.5,0.0,1899.4700488427957
2024-01-06 03:40:00,-24.333333333333336,0.0,3867.7201469291385
2024-01-06 03:50:00,-24.166666666666664,0.0,1523.7599302580998
2024-01-06 04:00:00,-24.0,0.0,468.59279174383755
2024-01-06 04:10:00,-24.166666666666664,0.0,4217.200581704028
2024-01-06 04:20:00,-24.33333333333333,0.0,1355.0735743212426
2024-01-06 04:30:00,-24.5,0.0,954.7680052737155
2024-01-06 04:40:00,-24.666666666666664,0.0,1098.5293329347687
2024-01-06 04:50:00,-24.833333333333336,0.0,2675.7139706283024
2024-01-06 05:00:00,-25.0,0.0,5054.224438089292
2024-01-06 05:10:00,-24.666666666666668,0.0,4623.1078560741125
2024-01-06 05:20:00,-24.333333333333336,0.0,1042.5964105173848
2024-01-06 05:30:00,-24.0,0.0,4481.497148955384
2024-01-06 05:40:00,-23.666666666666664,0.0,12879.019093360586
2024-01-06 05:50:00,-23.333333333333336,0.0,13985.647270456611
2024-01-06 06:00:00,-23.0,0.0,14164.096228322898
2024-01-06 06:10:00,-22.833333333333336,0.0,11568.009658515286
2024-01-06 06:20:00,-22.666666666666668,0.0,9723.901809381328
2024-01-06 06:30:00,-22.5,0.0,4817.986556675147
2024-01-06 06:40:00,-22.333333333333336,0.0,6538.051818299691
2024-01-06 06:50:00,-22.166666666666668,0.0,5789.8118255194295
2024-01-06 07:00:00,-22.0,0.0,9332.136389362713
2024-01-06 07:10:00,-21.666666666666668,0.0,5519.871473396208
2024-01-06 07:20:00,-21.333333333333336,0.0,9326.989728128196
2024-01-06 07:30:00,-21.0,0.0,7649.24668746251
2024-01-06 07:40:00,-20.666666666666664,0.0,5339.302975636263
2024-01-06 07:50:00,-20.333333333333336,0.0,3751.5454520293697
2024-01-06 08:00:00,-20.0,0.0,2032.518235640493
2024-01-06 08:10:00,-20.166666666666668,0.0,0.0
2024-01-06 08:20:00,-20.333333333333336,0.0,0.0
2024-01-06 08:30:00,-20.5,0.0,2310.5891624083015
2024-01-06 08:40:00,-20.666666666666668,0.0,6347.398629634614
2024-01-06 08:50:00,-20.83333333333333,0.0,8096.1541484221525
2024-01-06 09:00:00,-21.0,0.0,9437.912019676358
2024-01-06 09:10:00,-21.0,0.0,3727.049327878719
2024-01-06 09:20:00,-21.0,0.0,4336.375681915761
2024-01-06 09:30:00,-21.0,0.0,991.0547530341737
2024-01-06 09:40:00,-21.0,762.0473833864419,9243.228176874332
2024-01-06 09:50:00,-21.0,1590.047555051685,13874.941483429197
2024-01-06 10:00:00,-21.0,2475.441008151816,13807.58129034186
2024-01-06 10:10:00,-20.33333333333333,3411.789308052397,5985.052282154917
2024-01-06 10:20:00,-19.666666666666668,4313.769762830256,4067.1317151898766
2024-01-06 10:30:00,-19.0,5189.862907933558,3710.8215173283807
2024-01-06 10:40:00,-18.33333333333333,6211.769693294951,25954.438273800344
2024-01-06 10:50:00,-17.666666666666668,7259.406437409908,29965.036124851526
2024-01-06 11:00:00,-17.0,9179.538908206485,33076.920593014846
2024-01-06 11:10:00,-15.666666666666668,10255.39223019909,35649.720346582646
2024-01-06 11:20:00,-14.333333333333334,11335.734752067594,36134.849828912695
2024-01-06 11:30:00,-13.0,12414.212178358415,34999.32476248698
2024-01-06 11:40:00,-11.666666666666668,12530.92887258625,33838.76010467035
2024-01-06 11:50:00,-10.333333333333332,12633.590798270516,35181.941283020606
2024-01-06 12:00:00,-9.0,12721.372402081428,37796.48274357158
2024-01-06 12:10:00,-8.833333333333334,12793.520567728783,41834.56485748952
2024-01-06 12:20:00,-8.666666666666668,12849.289353280166,40984.95160837078
2024-01-06 12:30:00,-8.5,12887.85471723837,40853.28013665225
2024-01-06 12:40:00,-8.333333333333334,12271.992099264568,64384.48279116297
2024-01-06 12:50:00,-8.166666666666666,11651.26193476799,59710.09197598787
2024-01-06 13:00:00,-8.0,10413.487054163888,61336.702502750966
2024-01-06 13:10:00,-7.833333333333334,9834.697312825352,57996.81218358742
2024-01-06 13:20:00,-7.666666666666667,9280.713730427004,62148.02642310253
2024-01-06 13:30:00,-7.5,8761.957738292505,65125.07801632164
2024-01-06 13:40:00,-7.333333333333333,7685.841101355401,68356.56828335489
2024-01-06 13:50:00,-7.166666666666667,6518.800914274534,70800.58172334943
2024-01-06 14:00:00,-7.0,4847.904070943272,70820.68651408881
2024-01-06 14:10:00,-6.833333333333334,3732.813801662885,65368.081709296945
2024-01-06 14:20:00,-6.666666666666667,2393.512796994069,65188.08519107777
2024-01-06 14:30:00,-6.5,1200.4085609878234,66211.84818700646
2024-01-06 14:40:00,-6.333333333333334,1120.941245459646,65854.16068964865
2024-01-06 14:50:00,-6.166666666666666,1041.8862488890163,63813.037327964084
2024-01-06 15:00:00,-6.0,0.0,62874.683963584735
2024-01-06 15:10:00,-5.833333333333333,0.0,62754.15223404538
2024-01-06 15:20:00,-5.666666666666666,0.0,58502.33506850123
2024-01-06 15:30:00,-5.5,0.0,59893.30138626034
2024-01-06 15:40:00,-5.333333333333333,0.0,60711.01838714421
2024-01-06 15:50:00,-5.166666666666667,0.0,59390.92678200885
2024-01-06 16:00:00,-5.0,0.0,60615.59128147567
2024-01-06 16:10:00,-5.0,0.0,63111.496747477504
2024-01-06 16:20:00,-5.0,0.0,58834.1332276983
2024-01-06 16:30:00,-5.0,0.0,62498.341601946726
2024-01-06 16:40:00,-5.0,0.0,64279.47589002857
2024-01-06 16:50:00,-5.0,0.0,65763.47302033352
2024-01-06 17:00:00,-5.0,0.0,66999.10859385948
2024-01-06 17:10:00,-5.0,0.0,67219.09784582793
2024-01-06 17:20:00,-5.0,0.0,65311.27076669442
2024-01-06 17:30:00,-5.0,0.0,61535.59755261442
2024-01-06 17:40:00,-5.0,0.0,41833.446454094774
2024-01-06 17:50:00,-5.0,0.0,41099.29424664254
2024-01-06 18:00:00,-5.0,0.0,38049.43161300071
2024-01-06 18:10:00,-5.0,0.0,42657.07194562234
2024-01-06 18:20:00,-5.0,0.0,43876.14048638724
2024-01-06 18:30:00,-5.0,0.0,41533.10251548237
2024-01-06 18:40:00,-5.0,0.0,20024.412959315618
2024-01-06 18:50:00,-5.0,0.0,17340.61001758609
2024-01-06 19:00:00,-5.0,0.0,18952.94318901782
2024-01-06 19:10:00,-5.0,0.0,18133.084870574316
2024-01-06 19:20:00,-5.0,0.0,14325.999453182987
2024-01-06 19:30:00,-5.0,0.0,15739.86468547372
2024-01-06 19:40:00,-5.0,0.0,1369.176521154131
2024-01-06 19:50:00,-5.0,0.0,613.1531475077172
2024-01-06 20:00:00,-5.0,0.0,0.0
2024-01-06 20:10:00,-5.0,0.0,0.0
2024-01-06 20:20:00,-5.0,0.0,0.0
2024-01-06 20:30:00,-5.0,0.0,0.0
2024-01-06 20:40:00,-5.0,0.0,1909.461210592895
2024-01-06 20:50:00,-5.0,0.0,5906.392057366578
2024-01-06 21:00:00,-5.0,0.0,5275.513790677879
2024-01-06 21:10:00,-5.0,0.0,0.0
2024-01-06 21:20:00,-5.0,0.0,0.0
2024-01-06 21:30:00,-5.0,0.0,0.0
2024-01-06 21:40:00,-5.0,0.0,0.0
2024-01-06 21:50:00,-5.0,0.0,0.0
2024-01-06 22:00:00,-5.0,0.0,0.0
2024-01-06 22:10:00,-4.833333333333334,0.0,0.0
2024-01-06 22:20:00,-4.666666666666667,0.0,937.0521383653991
2024-01-06 22:30:00,-4.5,0.0,2902.6868637741477
2024-01-06 22:40:00,-4.333333333333334,0.0,3713.2921023155304
2024-01-06 22:50:00,-4.166666666666667,0.0,3458.059328957455
2024-01-06 23:00:00,-4.0,0.0,2150.4266182547267
2024-01-06 23:10:00,-4.0,0.0,0.0
2024-01-06 23:20:00,-4.0,0.0,6973.295518429037
2024-01-06 23:30:00,-4.0,0.0,5253.420301794218
2024-01-06 23:40:00,-4.0,0.0,2386.1679657524596
2024-01-06 23:50:00,-4.0,0.0,2385.5509619429945
2024-01-07 00:00:00,-4.0,0.0,4353.814969875075
2024-01-07 00:10:00,-4.0,0.0,7327.540400133988
2024-01-07 00:20:00,-4.0,0.0,6190.188174792761
2024-01-07 00:30:00,-4.0,0.0,5334.1751595669975
2024-01-07 00:40:00,-4.0,0.0,2813.745863067419
2024-01-07 00:50:00,-4.0,0.0,2271.0510381998733
2024-01-07 01:00:00,-4.0,0.0,5100.8867552882675
2024-01-07 01:10:00,-4.166666666666667,0.0,4784.3809700995025
2024-01-07 01:20:00,-4.333333333333334,0.0,3620.350418422811
2024-01-07 01:30:00,-4.5,0.0,4210.129025296547
2024-01-07 01:40:00,-4.666666666666666,0.0,1915.4694625836682
2024-01-07 01:50:00,-4.833333333333334,0.0,0.0
2024-01-07 02:00:00,-5.0,0.0,0.0
2024-01-07 02:10:00,-5.0,0.0,0.0
2024-01-07 02:20:00,-5.0,0.0,0.0
2024-01-07 02:30:00,-5.0,0.0,0.0
2024-01-07 02:40:00,-5.0,0.0,0.0
2024-01-07 02:50:00,-5.0,0.0,286.5146355590314
2024-01-07 03:00:00,-5.0,0.0,981.0078774985614
2024-01-07 03:10:00,-4.833333333333334,0.0,0.0
2024-01-07 03:20:00,-4.666666666666667,0.0,0.0
2024-01-07 03:30:00,-4.5,0.0,0.0
2024-01-07 03:40:00,-4.333333333333334,0.0,0.0
2024-01-07 03:50:00,-4.166666666666667,0.0,0.0
2024-01-07 04:00:00,-4.0,0.0,0.0
2024-01-07 04:10:00,-4.0,0.0,0.0
2024-01-07 04:20:00,-4.0,0.0,0.0
2024-01-07 04:30:00,-4.0,0.0,0.0
2024-01-07 04:40:00,-4.0,0.0,0.0
2024-01-07 04:50:00,-4.0,0.0,0.0
2024-01-07 05:00:00,-4.0,0.0,0.0
2024-01-07 05:10:00,-3.8333333333333335,0.0,2613.1549146757707
2024-01-07 05:20:00,-3.666666666666667,0.0,4133.072875488531
2024-01-07 05:30:00,-3.5,0.0,8152.03063339065
2024-01-07 05:40:00,-3.333333333333333,0.0,4681.64789346012
2024-01-07 05:50:00,-3.1666666666666665,0.0,2918.3817815652374
2024-01-07 06:00:00,-3.0,0.0,3656.0521387712834
2024-01-07 06:10:00,-2.833333333333333,0.0,2577.3838310804076
2024-01-07 06:20:00,-2.6666666666666665,0.0,3247.8336440426656
2024-01-07 06:30:00,-2.5,0.0,2281.949604825928
2024-01-07 06:40:00,-2.333333333333333,0.0,1800.997374317833
2024-01-07 06:50:00,-2.1666666666666665,0.0,907.6968237601154
2024-01-07 07:00:00,-2.0,0.0,3586.091815259587
2024-01-07 07:10:00,-2.0,0.0,3132.821064006946
2024-01-07 07:20:00,-2.0,0.0,0.0
2024-01-07 07:30:00,-2.0,0.0,0.0
2024-01-07 07:40:00,-2.0,0.0,7266.599094956051
2024-01-07 07:50:00,-2.0,0.0,12333.544562046027
2024-01-07 08:00:00,-2.0,0.0,13466.209286986232
2024-01-07 08:10:00,-2.0,0.0,17094.971115023804
2024-01-07 08:20:00,-2.0,0.0,16775.971469408432
2024-01-07 08:30:00,-2.0,0.0,18881.706205086462
2024-01-07 08:40:00,-2.0,0.0,36022.4147693305
2024-01-07 08:50:00,-2.0,0.0,36547.47437767657
2024-01-07 09:00:00,-2.0,0.0,30250.133084521764
2024-01-07 09:10:00,-2.0,0.0,30589.05947199528
2024-01-07 09:20:00,-2.0,0.0,34285.02425240614
2024-01-07 09:30:00,-2.0,0.0,33472.41852803531
2024-01-07 09:40:00,-2.0,1262.1549112107598,66399.26293184691
2024-01-07 09:50:00,-2.0,2564.443883607661,63853.848223127556
2024-01-07 10:00:00,-2.0,3910.1528847500817,62199.42624043409
2024-01-07 10:10:00,-2.0,5297.506952361037,63714.508189194676
2024-01-07 10:20:00,-2.0,6571.591237179695,58832.93850948129
2024-01-07 10:30:00,-2.0,7824.674993844223,63740.736272026574
2024-01-07 10:40:00,-2.0,9183.330975908706,81017.87956657638
2024-01-07 10:50:00,-2.0,10573.009071309489,84367.34637075488
2024-01-07 11:00:00,-2.0,12344.447163359571,81604.76335682982
2024-01-07 11:10:00,-2.0,13744.301523420689,83217.81679947425
2024-01-07 11:20:00,-2.0,15142.986183574032,81162.26334431056
2024-01-07 11:30:00,-2.0,16530.366367174727,76119.90732262618
2024-01-07 11:40:00,-2.0,17175.340154019526,83786.92471741077
2024-01-07 11:50:00,-2.0,17793.90027207223,83835.12650794195
2024-01-07 12:00:00,-2.0,18381.9178018104,85617.67251640625
2024-01-07 12:10:00,-1.8333333333333333,18934.945934499003,83406.58978091474
2024-01-07 12:20:00,-1.6666666666666667,19448.16229015053,85370.21307742999
2024-01-07 12:30:00,-1.5,19916.240248484337,84753.14883781533
2024-01-07 12:40:00,-1.3333333333333337,19827.133929303865,79181.5978574452
2024-01-07 12:50:00,-1.1666666666666663,19697.78040605593,83143.37226488744
2024-01-07 13:00:00,-1.0,19527.4065182825,86785.15205233711
2024-01-07 13:10:00,-1.1666666666666667,19314.36291048148,85668.29016546052
2024-01-07 13:20:00,-1.3333333333333337,19055.510994845317,85217.72639067996
2024-01-07 13:30:00,-1.5,18745.07225239361,83846.74519912827
2024-01-07 13:40:00,-1.6666666666666663,15813.150258914422,85335.74071731171
2024-01-07 13:50:00,-1.8333333333333333,12886.16736164159,83754.12545589202
2024-01-07 14:00:00,-2.0,10175.36794138377,86581.45870704106
2024-01-07 14:10:00,-2.5,7306.729422389456,86119.68460395916
2024-01-07 14:20:00,-3.0,4249.754591777076,82341.66162770957
2024-01-07 14:30:00,-3.5,1045.7463917053633,84954.0901756809
2024-01-07 14:40:00,-4.0,993.535066584162,86541.52851475563
2024-01-07 14:50:00,-4.5,946.5155972817385,81086.47875420847
2024-01-07 15:00:00,-5.0,878.6587964399894,82418.35393561007
2024-01-07 15:10:00,-5.166666666666667,0.0,84652.0124180362
2024-01-07 15:20:00,-5.333333333333334,0.0,84629.37639050967
2024-01-07 15:30:00,-5.5,0.0,83477.0320803053
2024-01-07 15:40:00,-5.666666666666667,0.0,87510.59330620579
2024-01-07 15:50:00,-5.833333333333333,0.0,85392.52220058939
2024-01-07 16:00:00,-6.0,0.0,90649.26386306256
2024-01-07 16:10:00,-7.0,0.0,87883.0362589314
2024-01-07 16:20:00,-8.0,0.0,90409.16282282134
2024-01-07 16:30:00,-9.0,0.0,95093.34155005903
2024-01-07 16:40:00,-10.0,0.0,90014.80033289002
2024-01-07 16:50:00,-11.0,0.0,90864.21132230145
2024-01-07 17:00:00,-12.0,0.0,88067.83553572008
2024-01-07 17:10:00,-11.833333333333334,0.0,90160.10985738746
2024-01-07 17:20:00,-11.666666666666666,0.0,93799.52366701573
2024-01-07 17:30:00,-11.5,0.0,97888.52415479458
2024-01-07 17:40:00,-11.333333333333332,0.0,90487.55364753595
2024-01-07 17:50:00,-11.166666666666668,0.0,87588.83403490866
2024-01-07 18:00:00,-11.0,0.0,88217.23102996411
2024-01-07 18:10:00,-11.333333333333334,0.0,94360.47482279097
2024-01-07 18:20:00,-11.666666666666668,0.0,95552.8128954778
2024-01-07 18:30:00,-12.0,0.0,99423.81365669487
2024-01-07 18:40:00,-12.333333333333332,0.0,62001.295762185175
2024-01-07 18:50:00,-12.666666666666668,0.0,55262.69183632254
2024-01-07 19:00:00,-13.0,0.0,52238.360224470685
2024-01-07 19:10:00,-13.0,0.0,52560.888013757874
2024-01-07 19:20:00,-13.0,0.0,48003.646391906026
2024-01-07 19:30:00,-13.0,0.0,48913.755408938596
2024-01-07 19:40:00,-13.0,0.0,30538.367225633214
2024-01-07 19:50:00,-13.0,0.0,30109.532110853037
2024-01-07 20:00:00,-13.0,0.0,31696.32833362383
2024-01-07 20:10:00,-13.166666666666668,0.0,25865.125522707793
2024-01-07 20:20:00,-13.333333333333334,0.0,27982.800508428412
2024-01-07 20:30:00,-13.5,0.0,30827.759069171247
2024-01-07 20:40:00,-13.666666666666666,0.0,33338.56181434437
2024-01-07 20:50:00,-13.833333333333334,0.0,27920.681807522342
2024-01-07 21:00:00,-14.0,0.0,23955.340359503527
2024-01-07 21:10:00,-14.166666666666668,0.0,28134.60026274734
2024-01-07 21:20:00,-14.333333333333334,0.0,31691.833250881
2024-01-07 21:30:00,-14.5,0.0,28276.055860706732
2024-01-07 21:40:00,-14.666666666666668,0.0,8767.655501527403
2024-01-07 21:50:00,-14.833333333333332,0.0,12366.513510327832
2024-01-07 22:00:00,-15.0,0.0,6850.47025933591
2024-01-07 22:10:00,-15.0,0.0,9848.82789446963
2024-01-07 22:20:00,-15.000000000000002,0.0,5610.2316785650855
2024-01-07 22:30:00,-15.0,0.0,2627.588093161381
2024-01-07 22:40:00,-15.0,0.0,0.0
2024-01-07 22:50:00,-15.0,0.0,0.0
2024-01-07 23:00:00,-15.0,0.0,2207.346722294053
2024-01-07 23:10:00,-15.166666666666666,0.0,3046.3876293457756
2024-01-07 23:20:00,-15.333333333333336,0.0,783.860277515998
2024-01-07 23:30:00,-15.5,0.0,0.0
2024-01-07 23:40:00,-15.666666666666668,0.0,586.726469294385
2024-01-07 23:50:00,-15.833333333333334,0.0,3224.699108901464
2024-01-08 00:00:00,-16.0,0.0,817.4302392918721
2024-01-08 00:10:00,-16.0,0.0,0.0
2024-01-08 00:20:00,-16.0,0.0,0.0
2024-01-08 00:30:00,-16.0,0.0,0.0
2024-01-08 00:40:00,-16.0,0.0,0.0
2024-01-08 00:50:00,-16.0,0.0,0.0
2024-01-08 01:00:00,-16.0,0.0,0.0
2024-01-08 01:10:00,-16.0,0.0,2065.9862390141907
2024-01-08 01:20:00,-16.0,0.0,3739.6214048234524
2024-01-08 01:30:00,-16.0,0.0,148.66088916267427
2024-01-08 01:40:00,-16.0,0.0,949.5432338080541
2024-01-08 01:50:00,-16.0,0.0,2756.134554452157
2024-01-08 02:00:00,-16.0,0.0,967.569314712563
2024-01-08 02:10:00,-16.0,0.0,310.99076112619514
2024-01-08 02:20:00,-16.0,0.0,5004.121081541856
2024-01-08 02:30:00,-16.0,0.0,0.0
2024-01-08 02:40:00,-16.0,0.0,6250.096289938986
2024-01-08 02:50:00,-16.0,0.0,9533.485573728012
2024-01-08 03:00:00,-16.0,0.0,7855.863685830188
2024-01-08 03:10:00,-16.0,0.0,12095.971096937816
2024-01-08 03:20:00,-16.0,0.0,8102.138363984128
2024-01-08 03:30:00,-16.0,0.0,9074.378654741382
2024-01-08 03:40:00,-16.0,0.0,4276.048787773695
2024-01-08 03:50:00,-16.0,0.0,8905.21242463737
2024-01-08 04:00:00,-16.0,0.0,6342.123277352018
2024-01-08 04:10:00,-16.0,0.0,8588.256054729065
2024-01-08 04:20:00,-16.0,0.0,8581.866374978665
2024-01-08 04:30:00,-16.0,0.0,6864.772392929243
2024-01-08 04:40:00,-16.0,0.0,4907.690626091069
2024-01-08 04:50:00,-16.0,0.0,12282.802490418992
2024-01-08 05:00:00,-16.0,0.0,9138.219613186153
2024-01-08 05:10:00,-16.0,0.0,10000.71306203297
2024-01-08 05:20:00,-16.0,0.0,11174.372474876549
2024-01-08 05:30:00,-16.0,0.0,13555.285184100809
2024-01-08 05:40:00,-16.0,0.0,15452.05688134435
2024-01-08 05:50:00,-16.0,0.0,10574.49073409499
2024-01-08 06:00:00,-16.0,0.0,9645.320258730782
2024-01-08 06:10:00,-16.166666666666668,0.0,10863.462939744717
2024-01-08 06:20:00,-16.333333333333336,0.0,10830.007456188705
2024-01-08 06:30:00,-16.5,0.0,7870.631838912948
2024-01-08 06:40:00,-16.666666666666664,0.0,6013.369904205872
2024-01-08 06:50:00,-16.833333333333336,0.0,5638.162420970717
2024-01-08 07:00:00,-17.0,0.0,2157.017712764214
2024-01-08 07:10:00,-16.5,0.0,2411.10550297761
2024-01-08 07:20:00,-16.0,0.0,4468.102381757655
2024-01-08 07:30:00,-15.5,0.0,6079.72930956894
2024-01-08 07:40:00,-15.0,0.0,7351.821299458476
2024-01-08 07:50:00,-14.5,0.0,4308.1549714423745
2024-01-08 08:00:00,-14.0,0.0,0.0
2024-01-08 08:10:00,-14.166666666666668,0.0,1300.036863138368
2024-01-08 08:20:00,-14.333333333333334,0.0,0.0
2024-01-08 08:30:00,-14.5,0.0,1542.2008873423092
2024-01-08 08:40:00,-14.666666666666668,0.0,6618.873793662466
2024-01-08 08:50:00,-14.833333333333332,0.0,6868.5908427265595
2024-01-08 09:00:00,-15.0,0.0,5850.737087326585
2024-01-08 09:10:00,-14.166666666666666,0.0,3470.4093629228746
2024-01-08 09:20:00,-13.333333333333336,0.0,839.8801352994992
2024-01-08 09:30:00,-12.5,0.0,5152.057633266728
2024-01-08 09:40:00,-11.666666666666668,145.32494719631526,6476.842382496365
2024-01-08 09:50:00,-10.833333333333334,294.4842144216872,6898.788418263164
2024-01-08 10:00:00,-10.0,446.8898093897251,11309.224678091845
2024-01-08 10:10:00,-9.5,602.1215508119462,8580.859959787791
2024-01-08 10:20:00,-9.0,868.8676027558927,9041.768854301825
2024-01-08 10:30:00,-8.5,1166.9966397871783,8825.143554474504
2024-01-08 10:40:00,-8.0,1243.9116358490558,32665.991315178035
2024-01-08 10:50:00,-7.5,1327.6275503532224,37183.06165827802
2024-01-08 11:00:00,-7.0,1418.4607836988416,35497.33709182315
2024-01-08 11:10:00,-7.0,1517.0958110531071,32387.027344715458
2024-01-08 11:20:00,-7.0,1624.58310636005,30791.43499585126
2024-01-08 11:30:00,-7.0,1742.3777039999743,37082.46428060144
2024-01-08 11:40:00,-7.0,1782.8268300719062,42482.04209671618
2024-01-08 11:50:00,-7.0,1834.2614543813297,42518.668854019445
2024-01-08 12:00:00,-7.0,1895.9916395266796,43113.481636169745
2024-01-08 12:10:00,-7.0,1967.9770817056956,39964.512649121854
2024-01-08 12:20:00,-7.0,2465.776565375049,42111.32023424683
2024-01-08 12:30:00,-7.0,2572.0804772934835,40221.427360881404
2024-01-08 12:40:00,-7.0,3031.7142077853214,57014.468522050694
2024-01-08 12:50:00,-7.0,3499.4775485851137,57383.35065169601
2024-01-08 13:00:00,-7.0,4565.486686849375,56075.024063331286
2024-01-08 13:10:00,-6.833333333333334,5041.461146099971,56479.54092640725
2024-01-08 13:20:00,-6.666666666666667,5529.887302639915,56103.531403249166
2024-01-08 13:30:00,-6.5,6038.8401350516615,56903.345415262345
2024-01-08 13:40:00,-6.333333333333334,5817.943191870646,56925.65348943902
2024-01-08 13:50:00,-6.166666666666666,5626.305793641964,62076.23061744559
2024-01-08 14:00:00,-6.0,5243.347694800002,63147.04396405369
2024-01-08 14:10:00,-5.666666666666667,4877.711197458136,60885.88958027249
2024-01-08 14:20:00,-5.333333333333333,4813.6432467144805,61501.388299962615
2024-01-08 14:30:00,-5.0,4393.546450790772,58753.102898047175
2024-01-08 14:40:00,-4.666666666666666,3651.1404521315785,58108.72133500781
2024-01-08 14:50:00,-4.333333333333333,2922.625375266773,54626.98859556763
2024-01-08 15:00:00,-4.0,2315.1586295575744,51613.09589954922
2024-01-08 15:10:00,-3.666666666666667,0.0,52480.137816173126
2024-01-08 15:20:00,-3.333333333333333,0.0,48656.75269612922
2024-01-08 15:30:00,-3.0,0.0,49953.80427498103
2024-01-08 15:40:00,-2.666666666666667,0.0,49529.619231297496
2024-01-08 15:50:00,-2.333333333333333,0.0,50425.818720167576
2024-01-08 16:00:00,-2.0,0.0,53149.11675552671
2024-01-08 16:10:00,-1.6666666666666667,0.0,56318.32214218441
2024-01-08 16:20:00,-1.3333333333333337,0.0,57260.30304341318
2024-01-08 16:30:00,-1.0,0.0,54308.108016039696
2024-01-08 16:40:00,-0.6666666666666667,0.0,56219.36332750947
2024-01-08 16:50:00,-0.3333333333333332,0.0,60277.399523617336
2024-01-08 17:00:00,0.0,0.0,60352.455375205565
2024-01-08 17:10:00,0.0,0.0,53957.39072653231
2024-01-08 17:20:00,0.0,0.0,50371.53149612302
2024-01-08 17:30:00,0.0,0.0,51982.16727661617
2024-01-08 17:40:00,0.0,0.0,31331.226642022782
2024-01-08 17:50:00,0.0,0.0,38504.258460510646
2024-01-08 18:00:00,0.0,0.0,36471.41280673245
2024-01-08 18:10:00,0.0,0.0,35483.83436927188
2024-01-08 18:20:00,0.0,0.0,36943.49549960581
2024-01-08 18:30:00,0.0,0.0,29547.55771909304
2024-01-08 18:40:00,0.0,0.0,17060.63866832408
2024-01-08 18:50:00,0.0,0.0,16550.121562561508
2024-01-08 19:00:00,0.0,0.0,12705.388029964957
2024-01-08 19:10:00,0.1666666666666666,0.0,12370.009208759166
2024-01-08 19:20:00,0.3333333333333333,0.0,16725.56545704408
2024-01-08 19:30:00,0.5,0.0,17838.223401868516
2024-01-08 19:40:00,0.6666666666666666,0.0,0.0
2024-01-08 19:50:00,0.8333333333333334,0.0,0.0
2024-01-08 20:00:00,1.0,0.0,0.0
2024-01-08 20:10:00,0.8333333333333334,0.0,0.0
2024-01-08 20:20:00,0.6666666666666667,0.0,0.0
2024-01-08 20:30:00,0.5,0.0,723.0158408057509
2024-01-08 20:40:00,0.3333333333333333,0.0,4138.0175241555735
2024-01-08 20:50:00,0.1666666666666666,0.0,4572.309751192985
2024-01-08 21:00:00,0.0,0.0,4557.870284007315
2024-01-08 21:10:00,0.0166666666666666,0.0,7836.648968642071
2024-01-08 21:20:00,0.0333333333333333,0.0,8730.319103581376
2024-01-08 21:30:00,0.05,0.0,7297.782187322835
2024-01-08 21:40:00,0.0666666666666666,0.0,6311.459125395764
2024-01-08 21:50:00,0.0833333333333333,0.0,7388.4660169047875
2024-01-08 22:00:00,0.1,0.0,12328.071642123112
2024-01-08 22:10:00,0.1,0.0,9752.239518498842
2024-01-08 22:20:00,0.1,0.0,7661.989518238197
2024-01-08 22:30:00,0.1,0.0,9520.3105675671
2024-01-08 22:40:00,0.1,0.0,7196.098841340448
2024-01-08 22:50:00,0.1,0.0,4046.5816592765705
2024-01-08 23:00:00,0.1,0.0,995.4901974708628
2024-01-08 23:10:00,0.25,0.0,5753.206547881338
2024-01-08 23:20:00,0.4,0.0,3027.9847953426133
2024-01-08 23:30:00,0.55,0.0,2542.0077208812345
2024-01-08 23:40:00,0.7,0.0,0.0
2024-01-08 23:50:00,0.8500000000000001,0.0,0.0
2024-01-09 00:00:00,1.0,0.0,0.0
2024-01-09 00:10:00,1.0,0.0,0.0
2024-01-09 00:20:00,1.0,0.0,0.0
2024-01-09 00:30:00,1.0,0.0,0.0
2024-01-09 00:40:00,1.0,0.0,374.14973342524536
2024-01-09 00:50:00,1.0,0.0,455.6069186773984
2024-01-09 01:00:00,1.0,0.0,0.0
2024-01-09 01:10:00,1.0,0.0,0.0
2024-01-09 01:20:00,1.0,0.0,1524.1201217600787
2024-01-09 01:30:00,1.0,0.0,1662.8980938534778
2024-01-09 01:40:00,1.0,0.0,5646.3516788362485
2024-01-09 01:50:00,1.0,0.0,4292.245071084052
2024-01-09 02:00:00,1.0,0.0,2730.6996975834636
2024-01-09 02:10:00,1.0,0.0,6175.177744683802
2024-01-09 02:20:00,1.0,0.0,5565.632386380583
2024-01-09 02:30:00,1.0,0.0,4614.054797353692
2024-01-09 02:40:00,1.0,0.0,3637.406290775234
2024-01-09 02:50:00,1.0,0.0,7933.046642216539
2024-01-09 03:00:00,1.0,0.0,7641.98974468702
2024-01-09 03:10:00,1.0,0.0,9142.056932325078
2024-01-09 03:20:00,1.0,0.0,11729.535600251322
2024-01-09 03:30:00,1.0,0.0,11986.66253805659
2024-01-09 03:40:00,1.0,0.0,7838.867866499974
2024-01-09 03:50:00,1.0,0.0,8526.145519278853
2024-01-09 04:00:00,1.0,0.0,11813.265231719895
2024-01-09 04:10:00,1.0,0.0,13355.416948527885
2024-01-09 04:20:00,1.0,0.0,12781.801989355878
2024-01-09 04:30:00,1.0,0.0,10118.149095015
2024-01-09 04:40:00,1.0,0.0,12048.890067043729
2024-01-09 04:50:00,1.0,0.0,5594.359438611184
2024-01-09 05:00:00,1.0,0.0,8694.975711029503
2024-01-09 05:10:00,0.8333333333333334,0.0,11889.180286563318
2024-01-09 05:20:00,0.6666666666666667,0.0,8314.837815324718
2024-01-09 05:30:00,0.5,0.0,8119.227299350947
2024-01-09 05:40:00,0.3333333333333333,0.0,2428.821266139737
2024-01-09 05:50:00,0.1666666666666666,0.0,2654.9671068718417
2024-01-09 06:00:00,0.0,0.0,1252.979009080599
2024-01-09 06:10:00,0.0,0.0,0.0
2024-01-09 06:20:00,0.0,0.0,0.0
2024-01-09 06:30:00,0.0,0.0,5384.939355982332
2024-01-09 06:40:00,0.0,0.0,8125.274026013632
2024-01-09 06:50:00,0.0,0.0,6462.058073740059
2024-01-09 07:00:00,0.0,0.0,10540.287605119742
2024-01-09 07:10:00,0.1666666666666666,0.0,12438.544623742822
2024-01-09 07:20:00,0.3333333333333333,0.0,17327.03511401602
2024-01-09 07:30:00,0.5,0.0,14680.980098024882
2024-01-09 07:40:00,0.6666666666666666,0.0,29715.636359766762
2024-01-09 07:50:00,0.8333333333333334,0.0,33685.20234171044
2024-01-09 08:00:00,1.0,0.0,25878.865126267207
2024-01-09 08:10:00,1.0,0.0,27029.07107636639
2024-01-09 08:20:00,1.0,0.0,22608.838154840178
2024-01-09 08:30:00,1.0,0.0,20192.14654021503
2024-01-09 08:40:00,1.0,0.0,36002.84243034921
2024-01-09 08:50:00,1.0,0.0,36774.268743331115
2024-01-09 09:00:00,1.0,0.0,41514.521910671865
2024-01-09 09:10:00,0.8666666666666667,0.0,41051.04357084539
2024-01-09 09:20:00,0.7333333333333334,0.0,40085.68366625884
2024-01-09 09:30:00,0.6,0.0,37363.31242872837
2024-01-09 09:40:00,0.4666666666666667,152.92577046151771,72794.95787165994
2024-01-09 09:50:00,0.3333333333333333,311.0382981609046,69510.82487284797
2024-01-09 10:00:00,0.2,473.7757443377935,72622.46633271083
2024-01-09 10:10:00,0.3,640.6447243182846,70217.25428773074
2024-01-09 10:20:00,0.4,818.1291212994475,75482.62909873844
2024-01-09 10:30:00,0.5,1072.6072038042612,77065.02263264537
2024-01-09 10:40:00,0.6,1178.5210202212634,80309.12260246169
2024-01-09 10:50:00,0.7000000000000001,1287.744318140316,78789.14829083811
2024-01-09 11:00:00,0.8,1401.1231283090422,82429.65000568409
2024-01-09 11:10:00,0.8500000000000001,1519.6343266087963,80086.99499914589
2024-01-09 11:20:00,0.9000000000000001,1644.4545225883442,79106.7461186248
2024-01-09 11:30:00,0.95,1777.037693110809,74005.04212951324
2024-01-09 11:40:00,1.0,1659.5704690907,78570.55843081152
2024-01-09 11:50:00,1.05,1548.4924252962196,77246.53938582119
2024-01-09 12:00:00,1.1,1173.780250548662,79243.56706454075
2024-01-09 12:10:00,1.1666666666666667,1076.0121221027812,80775.05074625238
2024-01-09 12:20:00,1.2333333333333334,983.5406081548524,83222.07291873128
2024-01-09 12:30:00,1.3,897.2502544759099,83836.57103706748
2024-01-09 12:40:00,1.3666666666666667,847.1702707091159,78806.89964802499
2024-01-09 12:50:00,1.4333333333333331,802.4731681525553,77728.63614732136
2024-01-09 13:00:00,1.5,763.0511226813069,77076.33474347988
2024-01-09 13:10:00,1.5833333333333333,729.1263489030703,79198.81300702048
2024-01-09 13:20:00,1.6666666666666663,701.3346125514048,82019.22165793226
2024-01-09 13:30:00,1.75,680.8952714074725,79875.48294774423
2024-01-09 13:40:00,1.8333333333333333,647.7311255228002,75840.6805349819
2024-01-09 13:50:00,1.9166666666666667,622.7325907890718,78116.18090182272
2024-01-09 14:00:00,2.0,596.6174507003283,82737.45763880231
2024-01-09 14:10:00,2.033333333333333,573.577213381956,86704.69931399425
2024-01-09 14:20:00,2.066666666666667,557.8622717798828,85014.10421762298
2024-01-09 14:30:00,2.1,550.1914120068352,84006.368856388
2024-01-09 14:40:00,2.1333333333333337,514.6132320837562,81919.02101109363
2024-01-09 14:50:00,2.166666666666667,481.61069852200313,85597.93339918241
2024-01-09 15:00:00,2.2,441.798536863882,84609.71421339437
2024-01-09 15:10:00,2.333333333333333,0.0,86290.63311304449
2024-01-09 15:20:00,2.466666666666667,0.0,85754.42755983335
2024-01-09 15:30:00,2.6,0.0,87903.11759786963
2024-01-09 15:40:00,2.7333333333333334,0.0,96264.31326458155
2024-01-09 15:50:00,2.8666666666666667,0.0,94312.25479112075
2024-01-09 16:00:00,3.0,0.0,93882.90889629249
2024-01-09 16:10:00,2.966666666666667,0.0,92679.0884192474
2024-01-09 16:20:00,2.933333333333333,0.0,91254.08313677626
2024-01-09 16:30:00,2.9,0.0,88493.6066347968
2024-01-09 16:40:00,2.8666666666666663,0.0,80173.22284133676
2024-01-09 16:50:00,2.833333333333333,0.0,73119.78700379988
2024-01-09 17:00:00,2.8,0.0,74462.08304054139
2024-01-09 17:10:00,2.816666666666667,0.0,75166.44021006682
2024-01-09 17:20:00,2.833333333333333,0.0,78516.317135846
2024-01-09 17:30:00,2.85,0.0,78151.24193122378
2024-01-09 17:40:00,2.8666666666666663,0.0,64875.95745055322
2024-01-09 17:50:00,2.883333333333333,0.0,68104.65768329761
2024-01-09 18:00:00,2.9,0.0,75794.1019268823
2024-01-09 18:10:00,2.9166666666666665,0.0,74193.37348427776
2024-01-09 18:20:00,2.9333333333333336,0.0,76397.83675242722
2024-01-09 18:30:00,2.95,0.0,79186.97389251032
2024-01-09 18:40:00,2.966666666666667,0.0,57639.21598330589
2024-01-09 18:50:00,2.9833333333333334,0.0,54565.41323847998
2024-01-09 19:00:00,3.0,0.0,56310.81302219945
2024-01-09 19:10:00,3.0166666666666666,0.0,54170.887026683224
2024-01-09 19:20:00,3.033333333333333,0.0,50297.40764620417
2024-01-09 19:30:00,3.05,0.0,51958.27184783214
2024-01-09 19:40:00,3.0666666666666664,0.0,47771.70627408005
2024-01-09 19:50:00,3.083333333333333,0.0,42610.929922467796
2024-01-09 20:00:00,3.1,0.0,40270.499240576086
2024-01-09 20:10:00,3.083333333333333,0.0,42220.689532373995
2024-01-09 20:20:00,3.066666666666667,0.0,40657.72352924787
2024-01-09 20:30:00,3.05,0.0,39853.314244829075
2024-01-09 20:40:00,3.033333333333333,0.0,39721.51197654269
2024-01-09 20:50:00,3.0166666666666666,0.0,39098.99222909732
2024-01-09 21:00:00,3.0,0.0,39062.97574262044
2024-01-09 21:10:00,3.0,0.0,37992.70246857069
2024-01-09 21:20:00,3.0,0.0,41224.38804251485
2024-01-09 21:30:00,3.0,0.0,40401.19951555575
2024-01-09 21:40:00,3.0,0.0,5948.523700498845
2024-01-09 21:50:00,3.0,0.0,7300.081475110372
2024-01-09 22:00:00,3.0,0.0,9924.399039078631
2024-01-09 22:10:00,3.0,0.0,11086.652741623191
2024-01-09 22:20:00,3.0,0.0,12540.960379419113
2024-01-09 22:30:00,3.0,0.0,16022.467052978403
2024-01-09 22:40:00,3.0,0.0,2714.0412299065356
2024-01-09 22:50:00,3.0,0.0,0.0
2024-01-09 23:00:00,3.0,0.0,0.0
2024-01-09 23:10:00,3.0,0.0,0.0
2024-01-09 23:20:00,3.0,0.0,0.0
2024-01-09 23:30:00,3.0,0.0,0.0
2024-01-09 23:40:00,3.0,0.0,2249.526541433818
2024-01-09 23:50:00,3.0,0.0,2122.406896941173
2024-01-10 00:00:00,3.0,0.0,0.0
2024-01-10 00:10:00,3.0,0.0,4184.330048250112
2024-01-10 00:20:00,3.0,0.0,7912.285656540301
2024-01-10 00:30:00,3.0,0.0,8326.629447616702
2024-01-10 00:40:00,3.0,0.0,13296.170835976896
2024-01-10 00:50:00,3.0,0.0,20622.817966690112
2024-01-10 01:00:00,3.0,0.0,16599.42857661643
2024-01-10 01:10:00,3.0,0.0,13095.318670738248
2024-01-10 01:20:00,3.0,0.0,14466.061788357827
2024-01-10 01:30:00,3.0,0.0,12183.546287914243
2024-01-10 01:40:00,3.0,0.0,13661.291529105129
2024-01-10 01:50:00,3.0,0.0,14820.6072105801
2024-01-10 02:00:00,3.0,0.0,11851.712352136481
2024-01-10 02:10:00,3.0,0.0,14097.435079420517
2024-01-10 02:20:00,3.0,0.0,15206.889756440889
2024-01-10 02:30:00,3.0,0.0,12950.81467614347
2024-01-10 02:40:00,3.0,0.0,15248.12076974122
2024-01-10 02:50:00,3.0,0.0,22944.537121313213
2024-01-10 03:00:00,3.0,0.0,22654.60676373292
2024-01-10 03:10:00,2.833333333333333,0.0,16019.617151254373
2024-01-10 03:20:00,2.6666666666666665,0.0,13634.070031773712
2024-01-10 03:30:00,2.5,0.0,11136.030709948724
2024-01-10 03:40:00,2.333333333333333,0.0,8042.439138388869
2024-01-10 03:50:00,2.1666666666666665,0.0,9413.391994071557
2024-01-10 04:00:00,2.0,0.0,14561.563044982675
2024-01-10 04:10:00,2.0,0.0,13880.09371225698
2024-01-10 04:20:00,2.0,0.0,9721.088690521177
2024-01-10 04:30:00,2.0,0.0,10667.924117425504
2024-01-10 04:40:00,2.0,0.0,6379.403483759194
2024-01-10 04:50:00,2.0,0.0,8878.981306838483
2024-01-10 05:00:00,2.0,0.0,9062.224950073443
2024-01-10 05:10:00,2.0,0.0,6957.255043928171
2024-01-10 05:20:00,2.0,0.0,4436.85721934989
2024-01-10 05:30:00,2.0,0.0,5841.935381359658
2024-01-10 05:40:00,2.0,0.0,9249.336273669502
2024-01-10 05:50:00,2.0,0.0,12675.430860482353
2024-01-10 06:00:00,2.0,0.0,12033.26314112305
2024-01-10 06:10:00,2.0,0.0,11912.076012720008
2024-01-10 06:20:00,2.0,0.0,10350.618063129146
2024-01-10 06:30:00,2.0,0.0,6838.236679967632
2024-01-10 06:40:00,2.0,0.0,4196.741062542242
2024-01-10 06:50:00,2.0,0.0,8371.300152959082
2024-01-10 07:00:00,2.0,0.0,5809.075751205948
2024-01-10 07:10:00,1.9166666666666667,0.0,10237.458570896037
2024-01-10 07:20:00,1.8333333333333333,0.0,7730.807565204091
2024-01-10 07:30:00,1.75,0.0,2499.8069469515785
2024-01-10 07:40:00,1.6666666666666667,0.0,14813.938056995432
2024-01-10 07:50:00,1.5833333333333333,0.0,16333.402426624856
2024-01-10 08:00:00,1.5,0.0,16174.628562899485
2024-01-10 08:10:00,1.5,0.0,18090.906954212856
2024-01-10 08:20:00,1.5,0.0,24573.604611926305
2024-01-10 08:30:00,1.5,0.0,24573.55631485839
2024-01-10 08:40:00,1.5,0.0,39447.03063695517
2024-01-10 08:50:00,1.5,0.0,37233.648745102706
2024-01-10 09:00:00,1.5,0.0,36145.4921405185
2024-01-10 09:10:00,1.4333333333333331,0.0,40698.225032549686
2024-01-10 09:20:00,1.3666666666666667,0.0,43170.007508540424
2024-01-10 09:30:00,1.3,0.0,46713.53239471992
2024-01-10 09:40:00,1.2333333333333334,88.70422955978653,84574.7699890508
2024-01-10 09:50:00,1.1666666666666667,179.49533797346666,81089.01009106987
2024-01-10 10:00:00,1.1,272.106487123463,80152.42354440407
2024-01-10 10:10:00,1.0833333333333337,366.3256721937987,78463.81345509103
2024-01-10 10:20:00,1.0666666666666669,461.9636721094287,81922.92986334497
2024-01-10 10:30:00,1.05,558.8379892359409,82893.31897187575
2024-01-10 10:40:00,1.0333333333333334,726.5488082488667,76044.17379482693
2024-01-10 10:50:00,1.0166666666666666,907.6563869354576,72235.9442297654
2024-01-10 11:00:00,1.0,1095.4947091521356,71611.18381974616
2024-01-10 11:10:00,0.9333333333333332,1290.4497581205562,76937.83935022434
2024-01-10 11:20:00,0.8666666666666667,1493.1151284149855,74436.49570253251
2024-01-10 11:30:00,0.8,1704.3509823081029,74794.06309103502
2024-01-10 11:40:00,0.7333333333333334,1782.708901601403,84469.25052813577
2024-01-10 11:50:00,0.6666666666666666,1868.3661180733368,85692.25442419545
2024-01-10 12:00:00,0.6,1963.443428124421,86952.14038659376
2024-01-10 12:10:00,0.6,2070.672828494384,84594.63024671181
2024-01-10 12:20:00,0.6,2193.6164085961523,87082.55166314275
2024-01-10 12:30:00,0.6,2336.985065018386,84464.61120461482
2024-01-10 12:40:00,0.6,2328.706219010971,86812.00237282515
2024-01-10 12:50:00,0.6,2332.149194366127,85071.04302623309
2024-01-10 13:00:00,0.6,2349.0382691055893,83295.65970555735
2024-01-10 13:10:00,0.6,2382.321775183186,82906.72784128683
2024-01-10 13:20:00,0.6,2436.716733112793,80359.65609128479
2024-01-10 13:30:00,0.6,2519.664662714993,81875.9937450077
2024-01-10 13:40:00,0.6,2396.344694109859,87923.66524002264
2024-01-10 13:50:00,0.6,2287.2956691012014,80549.94146705593
2024-01-10 14:00:00,0.6,2146.82872517968,81847.77860126017
2024-01-10 14:10:00,0.6,1959.993058808639,74965.55357274169
2024-01-10 14:20:00,0.6,1786.6564920933797,77235.64788446914
2024-01-10 14:30:00,0.6,1624.8088787479694,71793.89862729327
2024-01-10 14:40:00,0.6,1415.8120225944672,71313.7744848762
2024-01-10 14:50:00,0.6,1220.4283758896986,73406.78795473106
2024-01-10 15:00:00,0.6,1027.2540198116317,70702.12186743523
2024-01-10 15:10:00,0.6,0.0,72758.44364104475
2024-01-10 15:20:00,0.6,0.0,76035.60202657086
2024-01-10 15:30:00,0.6,0.0,79239.8174940211
2024-01-10 15:40:00,0.6,0.0,80116.24188932856
2024-01-10 15:50:00,0.6,0.0,83310.86760921623
2024-01-10 16:00:00,0.6,0.0,82210.38914104612
2024-01-10 16:10:00,0.5666666666666667,0.0,84386.4290359464
2024-01-10 16:20:00,0.5333333333333333,0.0,87926.27617276195
2024-01-10 16:30:00,0.5,0.0,86080.35456810884
2024-01-10 16:40:00,0.4666666666666667,0.0,83120.10552984854
2024-01-10 16:50:00,0.4333333333333333,0.0,80783.16468887197
2024-01-10 17:00:00,0.4,0.0,77613.89587943128
2024-01-10 17:10:00,0.3666666666666667,0.0,81692.21559749964
2024-01-10 17:20:00,0.3333333333333333,0.0,77663.65247288585
2024-01-10 17:30:00,0.3,0.0,81732.9741301852
2024-01-10 17:40:00,0.2666666666666667,0.0,76037.85340361849
2024-01-10 17:50:00,0.2333333333333333,0.0,71954.41382927536
2024-01-10 18:00:00,0.2,0.0,70703.95887899061
2024-01-10 18:10:00,0.2166666666666666,0.0,70936.15609359737
2024-01-10 18:20:00,0.2333333333333333,0.0,67506.84054497613
2024-01-10 18:30:00,0.25,0.0,68387.19761971387
2024-01-10 18:40:00,0.2666666666666666,0.0,49937.180325591515
2024-01-10 18:50:00,0.2833333333333333,0.0,49981.647409167796
2024-01-10 19:00:00,0.3,0.0,46975.3998359893
2024-01-10 19:10:00,0.3,0.0,45074.63797390253
2024-01-10 19:20:00,0.3,0.0,45953.1947369187
2024-01-10 19:30:00,0.3,0.0,48630.859734026744
2024-01-10 19:40:00,0.3,0.0,40642.738773554825
2024-01-10 19:50:00,0.3,0.0,35537.00902507939
2024-01-10 20:00:00,0.3,0.0,35819.08633054814
2024-01-10 20:10:00,0.2666666666666666,0.0,43159.53731574012
2024-01-10 20:20:00,0.2333333333333333,0.0,44113.682347981456
2024-01-10 20:30:00,0.2,0.0,39887.837004172005
2024-01-10 20:40:00,0.1666666666666666,0.0,38460.00982106755
2024-01-10 20:50:00,0.1333333333333333,0.0,40162.23818908576
2024-01-10 21:00:00,0.1,0.0,43413.948275110604
2024-01-10 21:10:00,0.1166666666666666,0.0,47027.639982549365
2024-01-10 21:20:00,0.1333333333333333,0.0,52073.54323171419
2024-01-10 21:30:00,0.15,0.0,52191.1274737621
2024-01-10 21:40:00,0.1666666666666666,0.0,20310.198828385495
2024-01-10 21:50:00,0.1833333333333333,0.0,24070.42468669041
2024-01-10 22:00:00,0.2,0.0,28251.078855947395
2024-01-10 22:10:00,0.2666666666666666,0.0,25685.28235745792
2024-01-10 22:20:00,0.3333333333333333,0.0,24289.91471363399
2024-01-10 22:30:00,0.4,0.0,27669.689958768984
2024-01-10 22:40:00,0.4666666666666667,0.0,19562.873965111256
2024-01-10 22:50:00,0.5333333333333333,0.0,15255.63570724331
2024-01-10 23:00:00,0.6,0.0,15303.780016393053
2024-01-10 23:10:00,0.6666666666666666,0.0,12639.55215888395
2024-01-10 23:20:00,0.7333333333333334,0.0,14427.719272284612
2024-01-10 23:30:00,0.8,0.0,11618.262007311005
2024-01-10 23:40:00,0.8666666666666667,0.0,16660.2727626105
2024-01-10 23:50:00,0.9333333333333332,0.0,14770.92483120656
2024-01-11 00:00:00,1.0,0.0,13355.82038135302
2024-01-11 00:10:00,1.0,0.0,12989.407466605737
2024-01-11 00:20:00,1.0,0.0,7598.067446201896
2024-01-11 00:30:00,1.0,0.0,9098.155990742503
2024-01-11 00:40:00,1.0,0.0,11723.855022889758
2024-01-11 00:50:00,1.0,0.0,2961.40954840998
2024-01-11 01:00:00,1.0,0.0,2714.729195464694
2024-01-11 01:10:00,1.05,0.0,3543.967900930863
2024-01-11 01:20:00,1.1,0.0,3226.3956583825675
2024-01-11 01:30:00,1.15,0.0,5614.853703126758
2024-01-11 01:40:00,1.2000000000000002,0.0,4442.991273977096
2024-01-11 01:50:00,1.25,0.0,4062.2943577015844
2024-01-11 02:00:00,1.3,0.0,4196.949389119774
2024-01-11 02:10:00,1.3000000000000005,0.0,6179.701050751302
2024-01-11 02:20:00,1.3000000000000005,0.0,3203.9275494133435
2024-01-11 02:30:00,1.3,0.0,5529.406278084772
2024-01-11 02:40:00,1.3,0.0,2864.846909916278
2024-01-11 02:50:00,1.3,0.0,5636.0301237560325
2024-01-11 03:00:00,1.3,0.0,4630.47233476055
2024-01-11 03:10:00,1.3333333333333337,0.0,0.0
2024-01-11 03:20:00,1.3666666666666667,0.0,1166.6295486854951
2024-01-11 03:30:00,1.4,0.0,587.3249327649673
2024-01-11 03:40:00,1.4333333333333331,0.0,3537.5298669310214
2024-01-11 03:50:00,1.4666666666666666,0.0,5563.742081452627
2024-01-11 04:00:00,1.5,0.0,8607.378220581595
2024-01-11 04:10:00,1.5,0.0,9722.343589152966
2024-01-11 04:20:00,1.5,0.0,11913.617105862935
2024-01-11 04:30:00,1.5,0.0,13920.068095069631
2024-01-11 04:40:00,1.5,0.0,15830.48613368822
2024-01-11 04:50:00,1.5,0.0,10951.902791867633
2024-01-11 05:00:00,1.5,0.0,12266.660062299836
2024-01-11 05:10:00,1.5,0.0,16669.628304063648
2024-01-11 05:20:00,1.5,0.0,13405.388018548889
2024-01-11 05:30:00,1.5,0.0,13957.311527668571
2024-01-11 05:40:00,1.5,0.0,17316.254729320393
2024-01-11 05:50:00,1.5,0.0,17770.833614343326
2024-01-11 06:00:00,1.5,0.0,13858.47574608451
2024-01-11 06:10:00,1.5,0.0,11992.776572864144
2024-01-11 06:20:00,1.5,0.0,15057.137662087649
2024-01-11 06:30:00,1.5,0.0,11008.64967881085
2024-01-11 06:40:00,1.5,0.0,12788.283904274318
2024-01-11 06:50:00,1.5,0.0,14706.432637291833
2024-01-11 07:00:00,1.5,0.0,14957.681893231893
2024-01-11 07:10:00,1.5,0.0,15552.15214699911
2024-01-11 07:20:00,1.5,0.0,14753.460345017522
2024-01-11 07:30:00,1.5,0.0,14428.125855393075
2024-01-11 07:40:00,1.5,0.0,27192.108118031952
2024-01-11 07:50:00,1.5,0.0,26382.27785970758
2024-01-11 08:00:00,1.5,0.0,20957.690442847685
2024-01-11 08:10:00,1.5,0.0,21034.413299571257
2024-01-11 08:20:00,1.5,0.0,23131.625226954377
2024-01-11 08:30:00,1.5,0.0,22359.808294384515
2024-01-11 08:40:00,1.5,0.0,36336.46450473664
2024-01-11 08:50:00,1.5,0.0,37857.91607485124
2024-01-11 09:00:00,1.5,0.0,33585.1358636203
2024-01-11 09:10:00,1.5,0.0,27283.72706115619
2024-01-11 09:20:00,1.5,0.0,28913.32417511243
2024-01-11 09:30:00,1.5,0.0,27491.469451706194
2024-01-11 09:40:00,1.5,58.08891355344172,63464.18049522633
2024-01-11 09:50:00,1.5,116.83616645235747,64019.28212226006
2024-01-11 10:00:00,1.5,176.12303788273445,64637.517702155455
2024-01-11 10:10:00,1.4833333333333334,235.87105251730975,69381.34919029176
2024-01-11 10:20:00,1.4666666666666666,296.02183414126745,70420.86861828943
2024-01-11 10:30:00,1.45,356.5272581230483,73252.3602016592
2024-01-11 10:40:00,1.4333333333333331,411.1945777570965,75734.28676746359
2024-01-11 10:50:00,1.4166666666666667,465.9298867789806,76411.93082975478
2024-01-11 11:00:00,1.4,520.7313015524818,77332.66167653026
2024-01-11 11:10:00,1.3833333333333333,575.600856947698,75663.38360331186
2024-01-11 11:20:00,1.3666666666666667,630.5445253675937,74672.95894105901
2024-01-11 11:30:00,1.35,697.6980620539738,75424.18733419351
2024-01-11 11:40:00,1.3333333333333337,728.4268942221581,84568.64409132942
2024-01-11 11:50:00,1.3166666666666669,763.0576058177298,93788.19443309493
2024-01-11 12:00:00,1.3,802.1626917806312,93423.59294518697
2024-01-11 12:10:00,1.3000000000000005,846.578675022664,89867.95222667982
2024-01-11 12:20:00,1.3000000000000005,897.4751990473935,85504.99926845344
2024-01-11 12:30:00,1.3,956.4640033417734,80766.78089199077
2024-01-11 12:40:00,1.3,905.1071773075312,85200.68102189779
2024-01-11 12:50:00,1.3,859.1102551710678,82032.1389027289
2024-01-11 13:00:00,1.3,818.1399557396346,84508.83138587234
2024-01-11 13:10:00,1.3000000000000005,782.1470549911079,86592.72022352034
2024-01-11 13:20:00,1.3000000000000005,751.4123297404491,83519.34557147669
2024-01-11 13:30:00,1.3,726.6517324618094,84563.25009830152
2024-01-11 13:40:00,1.3,650.5676494348061,87142.20058827758
2024-01-11 13:50:00,1.3,578.7407821205351,81087.90606845728
2024-01-11 14:00:00,1.3,510.2149903243069,83074.22278108852
2024-01-11 14:10:00,1.2500000000000002,442.12363942321696,86518.94801900849
2024-01-11 14:20:00,1.2000000000000002,379.6437211902604,85523.37414775438
2024-01-11 14:30:00,1.15,321.6569869194344,83460.1375478906
2024-01-11 14:40:00,1.1,297.8330594759986,81904.12626713328
2024-01-11 14:50:00,1.05,275.5278216254745,74526.97914468881
2024-01-11 15:00:00,1.0,250.74646640739104,73275.24375719194
2024-01-11 15:10:00,1.0,0.0,75832.61971899366
2024-01-11 15:20:00,1.0,0.0,72839.28800858078
2024-01-11 15:30:00,1.0,0.0,74030.78802651164
2024-01-11 15:40:00,1.0,0.0,82273.01154163014
2024-01-11 15:50:00,1.0,0.0,82370.51939640798
2024-01-11 16:00:00,1.0,0.0,85607.08151427985
2024-01-11 16:10:00,0.9666666666666668,0.0,82230.80962272201
2024-01-11 16:20:00,0.9333333333333332,0.0,81889.76553004821
2024-01-11 16:30:00,0.9,0.0,86703.42387873217
2024-01-11 16:40:00,0.8666666666666667,0.0,79743.25855041711
2024-01-11 16:50:00,0.8333333333333334,0.0,79722.34572901683
2024-01-11 17:00:00,0.8,0.0,91119.5015239193
2024-01-11 17:10:00,0.7666666666666667,0.0,91681.78992837243
2024-01-11 17:20:00,0.7333333333333334,0.0,90651.57683465618
2024-01-11 17:30:00,0.7,0.0,84964.55551494814
2024-01-11 17:40:00,0.6666666666666667,0.0,74394.1319836123
2024-01-11 17:50:00,0.6333333333333333,0.0,73037.47068341365
2024-01-11 18:00:00,0.6,0.0,69589.67626077321
2024-01-11 18:10:00,0.5833333333333334,0.0,67727.55041582942
2024-01-11 18:20:00,0.5666666666666667,0.0,69905.96449837217
2024-01-11 18:30:00,0.55,0.0,67945.42902301872
2024-01-11 18:40:00,0.5333333333333333,0.0,52060.81491902278
2024-01-11 18:50:00,0.5166666666666666,0.0,47780.7093780761
2024-01-11 19:00:00,0.5,0.0,45030.55301364778
2024-01-11 19:10:00,0.5166666666666667,0.0,51395.56932592277
2024-01-11 19:20:00,0.5333333333333333,0.0,54716.5180541936
2024-01-11 19:30:00,0.55,0.0,56602.9412536107
2024-01-11 19:40:00,0.5666666666666667,0.0,46962.511582601466
2024-01-11 19:50:00,0.5833333333333333,0.0,45593.43767833813
2024-01-11 20:00:00,0.6,0.0,48051.50739057053
2024-01-11 20:10:00,0.6166666666666667,0.0,45453.025896179206
2024-01-11 20:20:00,0.6333333333333333,0.0,47691.51836795311
2024-01-11 20:30:00,0.6499999999999999,0.0,45460.859808174304
2024-01-11 20:40:00,0.6666666666666666,0.0,47377.648014960934
2024-01-11 20:50:00,0.6833333333333333,0.0,48376.391882649055
2024-01-11 21:00:00,0.7,0.0,49004.53605332952
2024-01-11 21:10:00,0.7000000000000001,0.0,43606.66212042239
2024-01-11 21:20:00,0.7,0.0,41350.329592336275
2024-01-11 21:30:00,0.7,0.0,44722.77507991552
2024-01-11 21:40:00,0.7,0.0,11007.447071391663
2024-01-11 21:50:00,0.7,0.0,10486.825598765372
2024-01-11 22:00:00,0.7,0.0,9483.593637721806
2024-01-11 22:10:00,0.75,0.0,12803.294158017598
2024-01-11 22:20:00,0.8,0.0,13144.466137214069
2024-01-11 22:30:00,0.85,0.0,11966.071926433884
2024-01-11 22:40:00,0.8999999999999999,0.0,3406.826730015762
2024-01-11 22:50:00,0.95,0.0,3228.6978246309977
2024-01-11 23:00:00,1.0,0.0,2534.0779152349623
2024-01-11 23:10:00,1.0666666666666669,0.0,5840.215176386431
2024-01-11 23:20:00,1.1333333333333333,0.0,6121.150282629176
2024-01-11 23:30:00,1.2,0.0,5349.543769582987
2024-01-11 23:40:00,1.2666666666666666,0.0,0.0
2024-01-11 23:50:00,1.3333333333333337,0.0,0.0
2024-01-12 00:00:00,1.4,0.0,0.0
2024-01-12 00:10:00,1.5,0.0,0.0
2024-01-12 00:20:00,1.6,0.0,0.0
2024-01-12 00:30:00,1.7,0.0,0.0
2024-01-12 00:40:00,1.7999999999999998,0.0,0.0
2024-01-12 00:50:00,1.9,0.0,0.0
2024-01-12 01:00:00,2.0,0.0,0.0
2024-01-12 01:10:00,2.05,0.0,0.0
2024-01-12 01:20:00,2.1,0.0,0.0
2024-01-12 01:30:00,2.15,0.0,0.0
2024-01-12 01:40:00,2.2,0.0,0.0
2024-01-12 01:50:00,2.25,0.0,0.0
2024-01-12 02:00:00,2.3,0.0,0.0
2024-01-12 02:10:00,2.283333333333333,0.0,0.0
2024-01-12 02:20:00,2.2666666666666666,0.0,0.0
2024-01-12 02:30:00,2.25,0.0,852.5706531566652
2024-01-12 02:40:00,2.2333333333333334,0.0,0.0
2024-01-12 02:50:00,2.216666666666667,0.0,1426.9621531252656
2024-01-12 03:00:00,2.2,0.0,2152.93112144296
2024-01-12 03:10:00,2.166666666666667,0.0,6333.954447211162
2024-01-12 03:20:00,2.1333333333333337,0.0,8537.961153240107
2024-01-12 03:30:00,2.1,0.0,11654.657531516095
2024-01-12 03:40:00,2.066666666666667,0.0,11209.82479922642
2024-01-12 03:50:00,2.033333333333333,0.0,10351.825592129522
2024-01-12 04:00:00,2.0,0.0,11378.945992708595
2024-01-12 04:10:00,2.033333333333333,0.0,14421.517439550025
2024-01-12 04:20:00,2.066666666666667,0.0,13021.241923203612
2024-01-12 04:30:00,2.1,0.0,9952.628395033316
2024-01-12 04:40:00,2.1333333333333337,0.0,10362.016939589059
2024-01-12 04:50:00,2.166666666666667,0.0,10445.30837827945
2024-01-12 05:00:00,2.2,0.0,6454.6776297451
2024-01-12 05:10:00,2.216666666666667,0.0,3348.912629984705
2024-01-12 05:20:00,2.2333333333333334,0.0,2357.5401877252234
2024-01-12 05:30:00,2.25,0.0,1575.6854531619183
2024-01-12 05:40:00,2.2666666666666666,0.0,3494.4478917073034
2024-01-12 05:50:00,2.283333333333333,0.0,5339.038557187664
2024-01-12 06:00:00,2.3,0.0,2988.7747933709634
2024-01-12 06:10:00,2.2666666666666666,0.0,242.95936469756998
2024-01-12 06:20:00,2.2333333333333334,0.0,0.0
2024-01-12 06:30:00,2.2,0.0,0.0
2024-01-12 06:40:00,2.1666666666666665,0.0,0.0
2024-01-12 06:50:00,2.1333333333333333,0.0,801.0908101640734
2024-01-12 07:00:00,2.1,0.0,1957.4035349386932
2024-01-12 07:10:00,2.0500000000000003,0.0,3315.602731102951
2024-01-12 07:20:00,2.0,0.0,0.0
2024-01-12 07:30:00,1.95,0.0,3048.0700284416075
2024-01-12 07:40:00,1.9,0.0,17903.491542678632
2024-01-12 07:50:00,1.85,0.0,18883.43687391769
2024-01-12 08:00:00,1.8,0.0,18604.945493860807
2024-01-12 08:10:00,1.7166666666666668,0.0,19595.049226877796
2024-01-12 08:20:00,1.6333333333333335,0.0,19466.15443905353
2024-01-12 08:30:00,1.55,0.0,18883.86703602745
2024-01-12 08:40:00,1.4666666666666668,0.0,38397.541353341454
2024-01-12 08:50:00,1.3833333333333333,0.0,36382.57772617407
2024-01-12 09:00:00,1.3,0.0,36695.83618411518
2024-01-12 09:10:00,1.2500000000000002,0.0,34137.488699095666
2024-01-12 09:20:00,1.2000000000000002,0.0,35693.87179449449
2024-01-12 09:30:00,1.15,0.0,34080.73534630928
2024-01-12 09:40:00,1.1,1719.40987437611,74148.82815726199
2024-01-12 09:50:00,1.05,3482.046413716893,74356.19603356696
2024-01-12 10:00:00,1.0,5294.388098363836,71671.16732549692
2024-01-12 10:10:00,1.0,6976.304255666814,79128.91876990595
2024-01-12 10:20:00,1.0,8632.56111339639,76929.77887068673
2024-01-12 10:30:00,1.0,10300.366668655306,77994.89044402353
2024-01-12 10:40:00,1.0,10952.667139912512,79115.21826298675
2024-01-12 10:50:00,1.0,11608.359541708303,74661.97198737496
2024-01-12 11:00:00,1.0,12263.318944663915,75342.20127221751
2024-01-12 11:10:00,1.0166666666666666,12913.5816664316,73338.89783882754
2024-01-12 11:20:00,1.0333333333333334,13555.280684590893,70964.34898118842
2024-01-12 11:30:00,1.05,14184.60347129812,69973.26860530402
2024-01-12 11:40:00,1.0666666666666669,14451.987114984906,89922.72615331091
2024-01-12 11:50:00,1.0833333333333337,14701.731124306089,90297.6210313693
2024-01-12 12:00:00,1.1,14932.180532617574,87057.3182507752
2024-01-12 12:10:00,1.25,15141.762191019838,86198.35336926859
2024-01-12 12:20:00,1.4,15328.937190795436,88078.14884239527
2024-01-12 12:30:00,1.55,15492.14109346556,91055.10190864324
2024-01-12 12:40:00,1.7,15007.079082761746,90912.7679839111
2024-01-12 12:50:00,1.85,14508.616504422724,88220.90513476328
2024-01-12 13:00:00,2.0,13999.664059100664,89021.49922246762
2024-01-12 13:10:00,2.0,13483.018055901335,85295.25996735135
2024-01-12 13:20:00,2.0,12961.19465657662,81683.23915244146
2024-01-12 13:30:00,2.0,12436.13397171479,86448.12540058653
2024-01-12 13:40:00,2.0,11490.39038792189,82772.81926902528
2024-01-12 13:50:00,2.0,10217.13239759688,83664.04898963157
2024-01-12 14:00:00,2.0,9365.64637331338,89447.04130646169
2024-01-12 14:10:00,2.0,8300.029255420139,91143.77070914455
2024-01-12 14:20:00,2.0,7226.7843291748,84420.3013097356
2024-01-12 14:30:00,2.0,6198.635540117234,86554.33457365923
2024-01-12 14:40:00,2.0,5142.553851603847,82576.89282830067
2024-01-12 14:50:00,2.0,4142.644060464698,80255.07060835866
2024-01-12 15:00:00,2.0,3199.868813748759,83363.45910471531
2024-01-12 15:10:00,2.0166666666666666,0.0,86512.63803983726
2024-01-12 15:20:00,2.033333333333333,0.0,88682.72202156669
2024-01-12 15:30:00,2.05,0.0,95027.43599091962
2024-01-12 15:40:00,2.0666666666666664,0.0,101617.22925478905
2024-01-12 15:50:00,2.083333333333333,0.0,101789.78168276759
2024-01-12 16:00:00,2.1,0.0,99613.88511738148
2024-01-12 16:10:00,2.083333333333333,0.0,99995.95980995076
2024-01-12 16:20:00,2.066666666666667,0.0,104331.47134257505
2024-01-12 16:30:00,2.05,0.0,103187.14543643538
2024-01-12 16:40:00,2.033333333333333,0.0,95886.72866644812
2024-01-12 16:50:00,2.0166666666666666,0.0,90410.18760207457
2024-01-12 17:00:00,2.0,0.0,88589.7872131666
2024-01-12 17:10:00,2.0,0.0,91550.72316591062
2024-01-12 17:20:00,2.0,0.0,93940.487303802
2024-01-12 17:30:00,2.0,0.0,94831.32115378763
2024-01-12 17:40:00,2.0,0.0,82300.91130950095
2024-01-12 17:50:00,2.0,0.0,82218.09744941376
2024-01-12 18:00:00,2.0,0.0,79417.55932189508
2024-01-12 18:10:00,1.8666666666666667,0.0,73815.845856559
2024-01-12 18:20:00,1.7333333333333334,0.0,75320.8924915189
2024-01-12 18:30:00,1.6,0.0,69796.79947323393
2024-01-12 18:40:00,1.4666666666666668,0.0,52190.974489034845
2024-01-12 18:50:00,1.3333333333333333,0.0,53993.910149168376
2024-01-12 19:00:00,1.2,0.0,53516.387891810286
2024-01-12 19:10:00,1.15,0.0,54323.3163115824
2024-01-12 19:20:00,1.1,0.0,57794.52746188122
2024-01-12 19:30:00,1.05,0.0,56143.03653753204
2024-01-12 19:40:00,1.0,0.0,42325.17115784148
2024-01-12 19:50:00,0.95,0.0,49061.45982337427
2024-01-12 20:00:00,0.9,0.0,45018.12489922897
